{
"general":{
"Version":"3.0",
"IdCCP": "06d82f6c-e519-46e2-bba9-f8b5f1226bb8",
  "TranspInternac": "No",
  "TotalDistRec": 400,
  "EntradaSalidaMerc": " ",
  "PaisOrigenDestino": ""
},
  "ubicacionOrigen": {
    "TipoUbicacion": "Origen",
    "Calle": "Mina La Princesa",
    "NumeroExterior": "1301",
    "NumeroInterior": "",
    "Colonia": "",
    "CodigoPostal": "31060",
    "Referencia": "Distribuidora Cenor S.A. de C.B",
    "Localidad": "Chihuahua",
    "Municipio": "Chihuahua",
    "Estado": "CHH",
    "RFCRemitenteDestinatario": "DCE 091002PC2",
    "NombreRemitenteDestinatario": "Distribuidora Cenor S.A. de C.B",
    "FechaHoraSalidaLlegada":"2023-04-05 15:30:00"
  },
  "ubicacionDestino": {
    "TipoUbicacion": "Destino",
    "Calle": "C. eje Juan Gabriel",
    "NumeroExterior": "4240",
    "NumeroInterior": "",
    "Colonia": "",
    "CodigoPostal": "32650",
    "Referencia": "Bodga Detalle Jrz",
    "Localidad": "Chihuahua",
    "Municipio": "Juárez",
    "Estado": "CHH",
    "RFCRemitenteDestinatario": "DCE 091002PC2",
    "NombreRemitenteDestinatario": "Distribuidora Cenor S.A. de C.B",
	"FechaHoraSalidaLlegada":"2023-04-08 20:29:00"
  },
  "mercanciaGeneral": {
    "PesoBrutoTotal": 900,
    "UnidadPeso": "UP",
    "NumTotalMercancias": 3
  },
  "mercancias": [
    {
      "BienesTransp": "50161800",
      "Descripcion": "Productos de confiteria",
      "ClaveUnidad": "XBX",
      "Unidad": "Caja",
      "MaterialPeligroso": "NO",
      "PesoEnKg": 249,
      "ValorMercancia": 0,
      "Moneda": "MXN",
      "Cantidad": 64
    },
    {
      "BienesTransp": "50161800",
      "Descripcion": "Productos de confiteria",
      "ClaveUnidad": "XBX",
      "Unidad": "Caja",
      "MaterialPeligroso": "NO",
      "PesoEnKg": 2673,
      "ValorMercancia": 0,
      "Moneda": "MXN",
      "Cantidad": 330
    },
    {
      "BienesTransp": "50161800",
      "Descripcion": "Productos de confiteria",
      "ClaveUnidad": "XBX",
      "Unidad": "Caja",
      "MaterialPeligroso": "NO",
      "PesoEnKg": 2673,
      "ValorMercancia": 0,
      "Moneda": "MXN",
      "Cantidad": 330
    }
  ],
  "autotransporte": {
    "PermSCT": "TPAF10",
    "NumPermisoSCT": "0812TSH151020013230982015",
    "AseguraRespCivil": "Seguros Atlas, S.A.",
    "PolizaRespCivil": "C00-2-2-5286",
    "ConfigVehicular": "C3R2",
    "PesoBrutoVehicular": 12.2,
    "PlacaVM": "31AR6X",
    "AnioModeloVM": 2021,
    "SubTipoRem": "CTR007",
    "Placa": "20UC8T"
  },
  "operadores": {
    "TipoFigura": "OPR",
    "RFCFigura": "MAGJ740114SX7",
    "NombreFigura": "Martinez Gutierrez, Jorge Antonio",
    "NumLicencia": "BE-CHIH118157",
    "ResidenciaFiscalFigura": "MEX",
    "Calle": "Nicolas Gogol",
    "NumeroExterior": "11386",
    "NumeroInterior": "",
    "Colonia": "2808",
    "CodigoPostal": "31136",
    "Referencia": "",
    "Localidad": "02",
    "Municipio": "019",
    "Estado": "CHH",
    "Pais": "MEX"
  },
  "propietario": {
    "TipoFigura": "PRO",
    "NombreFigura": "Transportes Soto e Hijos, S.A. de C.V.",
    "NumLicencia": "BE-CHIH118157",
    "RFCFigura": "TSH9906021H9",
    "ResidenciaFiscalFigura": "MEX",
    "Calle": "Nicolas Gogol",
    "NumeroExterior": "11386",
    "NumeroInterior": "",
    "Colonia": "2808",
    "CodigoPostal": "31136",
    "Referencia": "",
    "Localidad": "02",
    "Municipio": "019",
    "Estado": "CHH",
    "Pais": "MEX"
  }
}

