<?xml version="1.0" encoding="utf-8"?><Container xmlns:xsi="http://www.w3.org/2001/XMLSchema-instance" xmlns:xsd="http://www.w3.org/2001/XMLSchema"><CartaPorte Version="3.0" IdCCP="06d82f6c-e519-46e2-bba9-f8b5f1226bb8" TranspInternac="No" /><cartaPorteUbicacionOrigen TipoUbicacion="Origen" RFCRemitenteDestinatario="DCE 091002PC2" NombreRemitenteDestinatario="Distribuidora Cenor S.A. de C.B" FechaHoraSalidaLlegada="2023-04-05 15:30:00" /><cartaPorteDomicilioOrigen Calle="Mina La Princesa" NumeroExterior="1301" NumeroInterior="" Colonia="" Localidad="Chihuahua" Referencia="Distribuidora Cenor S.A. de C.B" Municipio="Chihuahua" Estado="CHH" CodigoPostal="31060" /><cartaPorteUbicacionDestino TipoUbicacion="Destino" RFCRemitenteDestinatario="DCE 091002PC2" NombreRemitenteDestinatario="Distribuidora Cenor S.A. de C.B" FechaHoraSalidaLlegada="2023-04-08 20:29:00" /><cartaPorteDomicilioDestino Calle="C. eje Juan Gabriel" NumeroExterior="4240" NumeroInterior="" Colonia="" Localidad="Chihuahua" Referencia="Bodga Detalle Jrz" Municipio="Juárez" Estado="CHH" CodigoPostal="32650" /><cartaPorteMercancias PesoBrutoTotal="900" UnidadPeso="UP" NumTotalMercancias="3" /><cartaPorteMercanciasMercancia Cantidad="0" PesoEnKg="0" /><cartaPorteMercanciasAutotransporte PermSCT="TPAF10" NumPermisoSCT="0812TSH151020013230982015" /><cartaPorteMercanciasAutotransporteIdentificacionVehicular ConfigVehicular="C3R2" PesoBrutoVehicular="12.2" PlacaVM="31AR6X" AnioModeloVM="2021" /><cartaPorteMercanciasAutotransporteSeguros AseguraRespCivil="Seguros Atlas, S.A." PolizaRespCivil="C00-2-2-5286" /><cartaPorteMercanciasAutotransporteRemolque SubTipoRem="CTR007" Placa="20UC8T" /><cartaPorteTiposFiguraOp TipoFigura="OPR" RFCFigura="MAGJ740114SX7" NumLicencia="BE-CHIH118157" NombreFigura="Martinez Gutierrez, Jorge Antonio" /><cartaPorteTiposFiguraDomicilioOp Calle="Nicolas Gogol" NumeroExterior="11386" NumeroInterior="" Colonia="2808" Localidad="02" Referencia="" Municipio="019" Estado="CHH" Pais="MEX" CodigoPostal="31136" /><cartaPorteTiposFiguraPr TipoFigura="PRO" RFCFigura="TSH9906021H9" NumLicencia="BE-CHIH118157" NombreFigura="Transportes Soto e Hijos, S.A. de C.V." /><cartaPorteTiposFiguraDomicilioPr Calle="Nicolas Gogol" NumeroExterior="11386" NumeroInterior="" Colonia="2808" Localidad="02" Referencia="" Municipio="019" Estado="CHH" Pais="MEX" CodigoPostal="31136" /><cartaPorteMercanciasMercancias><CartaPorteMercanciasMercancia BienesTransp="50161800" Descripcion="Productos de confiteria" Cantidad="330" ClaveUnidad="XBX" Unidad="Caja" PesoEnKg="2673" /><CartaPorteMercanciasMercancia BienesTransp="50161800" Descripcion="Productos de confiteria" Cantidad="330" ClaveUnidad="XBX" Unidad="Caja" PesoEnKg="2673" /><CartaPorteMercanciasMercancia BienesTransp="50161800" Descripcion="Productos de confiteria" Cantidad="330" ClaveUnidad="XBX" Unidad="Caja" PesoEnKg="2673" /></cartaPorteMercanciasMercancias></Container>